"","focal","seeds","APOAND","CERGLO","CIRSIUM","CLAPUR","COLLIN","COLLOM","D","DAUCAR","EPIDEN","ERILAN","F","G","GALIUM","GERANIUM","GILCAP","HYPERNICUM","LACTUCA","LATHVIC","LEUVUL","LUPBIC","MYOSOTIS","NAVSQU","PLAFIG","PLECON","SHEARV","TRIFOLIUM","VERARV","Z"
"1","CLAPUR",16,"1","0","0","3","1","2","0","0","5","0","0","0","1","0","5","0","0","0","0","0","0","14","0","0","0","0","0","1"
"2","CLAPUR",2,"1","1","0","4","1","2","0","0","5","0","0","0","2","0","5","0","0","2","0","0","1","8","0","0","2","0","0","0"
"3","CLAPUR",10,"0","3","0","4","2","0","0","0","0","0","0","0","5","0","2","0","0","1","0","0","3","3","0","0","8","0","0","0"
"4","CLAPUR",9,"0","0","0","2","0","4","0","0","3","0","0","0","4","0","0","0","0","2","0","0","1","11","0","0","10","0","0","0"
"5","CLAPUR",10,"0","0","0","2","3","4","0","0","1","0","0","0","3","0","2","0","0","2","0","0","1","8","0","0","4","0","0","0"
"6","CLAPUR",21,"0","0","0","1","0","0","0","0","2","1","0","0","3","0","0","3","0","1","0","0","0","0","0","0","2","7","0","0"
"7","CLAPUR",2,"0","0","0","2","1","1","0","0","5","0","0","0","3","0","4","0","0","1","0","0","0","9","1","0","0","0","0","0"
"8","CLAPUR",3,"1","0","0","5","0","0","0","0","0","1","0","0","8","0","0","0","0","2","0","0","0","1","0","0","0","3","0","0"
"9","CLAPUR",2,"1","0","0","4","0","5","0","0","4","0","0","0","8","1","1","0","0","6","0","1","2","4","0","0","7","0","0","0"
"10","CLAPUR",37,"1","0","0","4","2","3","0","0","3","0","0","0","4","0","6","0","0","2","0","0","0","3","0","0","0","0","0","0"
"11","CLAPUR",4,"0","0","0","8","4","6","0","1","10","0","0","0","2","0","5","0","0","0","0","0","0","19","0","0","0","0","0","0"
"12","CLAPUR",4,"0","0","0","3","1","3","0","3","3","0","0","0","1","1","1","0","0","1","1","0","1","28","0","0","2","0","0","0"
"13","CLAPUR",6,"0","0","0","9","0","3","0","4","3","0","0","1","1","0","1","0","0","2","0","0","0","6","0","0","4","0","0","0"
"14","CLAPUR",2,"0","0","0","3","3","1","0","1","2","0","0","0","4","0","2","0","0","5","0","0","1","15","0","0","0","0","0","0"
"15","CLAPUR",20,"1","0","0","3","5","2","0","2","13","0","0","0","1","2","2","0","0","1","0","0","0","22","1","0","5","1","0","0"
"16","CLAPUR",2,"3","0","1","4","3","8","0","0","9","0","0","0","4","1","3","0","0","0","0","0","1","19","0","0","13","1","0","0"
"17","CLAPUR",4,"2","0","0","2","0","2","0","1","6","0","0","0","1","1","4","0","0","0","0","0","0","13","0","0","2","0","0","0"
"18","CLAPUR",10,"1","3","0","8","1","3","1","0","4","0","0","0","8","0","3","0","0","1","0","0","1","10","0","0","8","2","0","0"
"19","CLAPUR",11,"2","0","0","5","2","6","0","0","1","0","0","1","5","0","3","0","0","2","0","0","3","3","0","0","8","0","0","0"
"20","CLAPUR",18,"0","0","0","3","0","0","1","0","0","0","0","0","4","0","0","0","0","0","0","0","1","8","0","0","7","0","1","0"
"21","CLAPUR",6,"1","0","0","5","1","2","0","0","2","2","0","0","5","0","1","0","0","0","0","0","2","1","0","0","5","0","2","0"
"22","CLAPUR",2,"0","0","0","9","1","2","0","0","1","2","0","0","7","0","3","0","0","3","0","0","4","7","0","0","10","0","0","0"
"23","CLAPUR",3,"0","0","0","5","0","3","0","0","1","0","0","0","2","0","4","0","0","2","0","0","1","9","0","0","5","0","0","0"
"24","CLAPUR",10,"0","0","0","6","0","0","0","0","0","0","0","0","3","0","2","0","0","0","0","0","0","0","0","0","3","0","0","0"
"25","CLAPUR",6,"1","0","0","2","0","1","0","0","7","0","0","0","1","0","0","0","0","0","0","0","0","2","0","0","3","0","0","0"
"26","CLAPUR",3,"1","0","0","3","0","4","0","0","8","0","0","0","5","0","0","0","0","0","0","0","0","2","0","0","5","0","0","0"
"27","CLAPUR",4,"1","0","0","4","0","0","0","0","0","1","0","0","5","0","2","0","0","0","0","0","1","6","0","0","4","0","0","0"
"28","CLAPUR",9,"0","1","0","6","2","4","0","1","6","1","0","0","2","0","5","0","0","0","0","0","0","3","0","0","5","0","0","0"
"29","CLAPUR",1,"0","0","0","4","0","0","0","0","2","0","0","0","1","0","0","0","0","0","0","0","0","1","0","0","3","0","0","0"
"30","COLLIN",6,"0","0","0","4","3","2","0","0","7","0","0","0","3","0","4","0","0","1","0","0","1","4","0","0","2","0","0","0"
"31","COLLIN",6,"0","0","0","3","5","4","0","1","7","0","0","0","1","1","7","0","0","0","0","0","0","12","3","0","0","0","0","0"
"32","COLLIN",3,"0","0","0","4","0","0","0","0","4","0","0","0","2","0","5","0","0","4","0","0","3","18","2","0","2","0","0","0"
"33","COLLIN",6,"0","0","0","3","1","2","0","0","4","0","0","0","2","0","3","0","0","0","0","0","0","18","0","0","2","0","0","0"
"34","COLLIN",10,"0","0","0","1","4","16","0","0","6","0","0","0","3","0","9","0","0","3","0","0","0","20","0","0","2","0","0","0"
"35","COLLIN",6,"0","0","0","1","4","3","0","0","3","0","0","0","1","0","4","0","0","1","0","0","0","9","1","0","2","3","0","0"
"36","COLLIN",8,"2","0","0","0","3","3","0","0","3","0","0","0","5","0","3","0","0","0","0","0","0","4","0","0","3","5","0","0"
"37","COLLIN",11,"0","0","0","2","2","0","0","0","1","0","0","0","4","0","1","0","0","0","0","0","0","2","0","0","0","2","0","0"
"38","COLLIN",NA,"0","1","0","7","2","2","0","0","3","0","0","0","1","0","4","0","0","0","0","0","1","2","0","0","6","0","0","0"
"39","COLLOM",4,"0","1","0","2","0","3","0","0","4","0","0","0","4","0","1","0","0","5","0","0","3","2","0","0","7","0","0","0"
"40","COLLOM",5,"1","0","0","3","1","2","0","0","5","0","0","0","1","0","5","0","0","0","0","0","0","14","0","0","0","0","0","1"
"41","COLLOM",NA,"0","1","0","3","0","3","0","0","3","0","0","0","4","0","1","0","0","0","0","0","0","21","0","0","2","0","0","0"
"42","COLLOM",4,"0","0","0","7","1","2","0","0","9","0","0","0","2","0","4","0","0","0","0","0","1","34","4","1","4","0","0","0"
"43","COLLOM",5.5,"1","0","0","3","1","7","0","0","4","0","0","0","2","0","5","0","0","3","0","0","0","12","0","0","5","0","0","0"
"44","COLLOM",1,"1","0","0","0","3","3","2","0","0","0","0","0","8","0","1","0","0","2","0","0","0","0","0","1","3","3","0","0"
"45","COLLOM",5.5,"0","0","0","3","2","2","0","0","9","0","0","0","1","0","5","0","0","0","0","0","0","9","0","1","2","0","0","0"
"46","COLLOM",NA,"0","0","0","3","1","2","0","0","8","0","0","0","2","0","2","0","0","1","0","0","0","18","0","0","0","0","0","0"
"47","COLLOM",8.5,"3","0","0","1","1","9","0","0","5","1","0","0","2","0","2","0","0","0","0","0","0","9","0","0","5","0","0","0"
"48","COLLOM",2.5,"0","0","0","0","1","12","0","0","5","0","0","1","4","0","4","0","0","1","0","0","2","20","0","1","5","0","0","0"
"49","COLLOM",2,"0","0","0","0","3","12","0","0","6","0","0","1","3","0","4","0","0","3","0","0","0","27","0","0","3","0","0","0"
"50","COLLOM",3,"0","0","0","0","1","11","0","0","3","0","0","0","5","2","5","0","0","1","0","0","0","13","0","0","6","0","0","0"
"51","COLLOM",2.5,"0","0","0","1","1","8","0","0","6","0","0","0","3","1","4","0","0","2","0","0","0","6","0","1","7","2","0","0"
"52","COLLOM",3,"2","0","0","0","3","1","0","0","1","0","0","0","7","1","1","0","0","0","0","0","1","9","1","0","3","1","0","0"
"53","COLLOM",4,"1","0","0","5","1","5","0","0","2","0","2","0","9","0","2","0","0","7","0","0","0","4","0","0","3","0","0","0"
"54","COLLOM",3,"0","0","0","1","1","6","0","0","1","0","0","0","4","0","2","0","0","5","0","0","0","3","0","0","0","0","0","0"
"55","COLLOM",1,"1","0","0","0","0","1","0","0","1","0","0","0","9","1","1","0","0","6","0","0","1","1","0","0","3","0","0","0"
"56","COLLOM",6,"3","0","0","1","0","0","0","0","2","0","0","0","8","0","2","0","0","1","0","0","0","1","0","0","0","0","0","0"
"57","COLLOM",2,"1","0","0","3","2","2","0","0","5","0","0","0","7","0","1","0","0","1","0","0","0","6","0","0","0","0","0","0"
"58","COLLOM",2,"0","0","0","1","1","7","0","0","1","0","0","0","5","0","3","0","0","1","0","1","0","1","0","0","0","0","0","0"
"59","COLLOM",4,"2","0","0","0","0","3","0","0","1","0","0","0","8","0","1","0","0","2","0","0","0","0","0","0","0","0","0","0"
"60","COLLOM",3,"3","0","0","4","1","12","1","0","1","0","2","0","8","0","3","0","0","3","0","0","0","5","0","0","3","2","0","0"
"61","COLLOM",1,"0","0","0","6","0","3","0","2","0","0","0","0","9","0","0","0","0","2","0","0","0","2","0","0","3","4","0","0"
"62","COLLOM",2,"1","0","0","0","0","4","0","0","1","0","1","0","10","0","0","0","0","3","0","0","0","0","0","0","2","0","0","0"
"63","COLLOM",1,"1","2","0","2","0","3","0","0","1","0","0","0","10","0","0","0","0","2","0","0","1","9","0","0","2","0","0","0"
"64","COLLOM",2,"0","0","0","7","0","1","0","0","1","0","0","0","9","0","0","0","0","4","1","0","0","5","0","0","0","0","0","0"
"65","COLLOM",3,"0","0","0","0","0","1","0","0","1","0","0","0","10","0","0","0","0","1","0","0","0","8","0","0","0","0","0","0"
"66","COLLOM",0,"1","0","0","1","0","6","0","0","7","0","0","0","1","0","0","0","1","0","0","0","0","12","0","0","2","0","0","0"
"67","COLLOM",4,"0","0","0","2","0","4","0","0","1","0","0","0","7","1","1","0","0","3","0","0","0","4","0","0","8","0","0","0"
"68","COLLOM",6,"1","0","0","0","2","6","0","0","2","0","0","0","9","0","4","0","1","3","0","0","0","18","0","0","6","0","0","0"
"69","COLLOM",1,"1","2","0","1","1","1","0","1","3","0","0","1","5","1","0","0","0","4","0","0","2","32","0","0","6","0","0","0"
"70","COLLOM",2,"4","1","0","5","2","10","0","0","7","1","0","0","5","0","1","0","0","3","0","0","0","25","0","0","8","0","0","0"
"71","COLLOM",3,"0","0","0","1","3","2","0","2","4","0","0","1","8","0","4","0","0","3","0","0","1","19","0","0","6","0","0","0"
"72","COLLOM",1,"0","2","0","0","1","9","0","0","8","0","0","0","4","1","9","0","0","0","0","1","0","28","0","0","4","0","0","0"
"73","COLLOM",1,"1","0","0","3","1","3","0","0","0","0","0","0","7","0","0","0","0","2","0","0","1","1","1","0","5","0","0","0"
"74","COLLOM",7,"0","0","0","3","0","5","0","0","0","0","0","0","6","0","2","0","0","4","0","0","3","7","0","0","6","1","0","0"
"75","COLLOM",4,"0","0","0","1","0","5","0","0","5","0","0","0","3","0","0","0","2","2","0","0","0","6","0","0","8","0","0","0"
"76","COLLOM",NA,"0","1","0","5","0","5","0","1","4","0","0","0","4","0","2","0","0","0","0","0","2","4","0","0","8","0","0","0"
"77","COLLOM",1,"0","3","0","5","0","2","0","0","4","0","0","0","4","0","1","0","0","5","0","0","2","2","0","0","0","0","0","0"
"78","COLLOM",2,"1","0","0","3","0","4","0","0","8","0","0","0","5","0","0","0","0","0","0","0","0","2","0","0","5","0","0","0"
"79","EPIDEN",15,"1","0","0","0","0","0","0","0","1","0","0","0","6","0","1","0","0","1","0","0","0","0","0","0","1","0","0","0"
"80","EPIDEN",NA,"0","0","0","7","1","1","0","0","9","0","0","0","2","0","4","0","0","5","0","0","0","18","2","0","3","0","0","0"
"81","EPIDEN",NA,"0","0","0","8","1","4","0","0","6","0","0","0","1","1","5","0","0","3","0","0","0","15","3","0","0","0","0","0"
"82","EPIDEN",NA,"1","0","0","3","0","0","0","0","2","0","0","0","2","0","4","1","0","0","0","0","0","20","1","0","0","0","0","0"
"83","EPIDEN",11,"0","0","0","2","0","4","0","0","5","1","0","0","2","1","4","0","0","3","0","0","0","26","1","0","6","0","0","0"
"84","EPIDEN",3,"2","0","0","1","2","3","0","0","15","0","0","0","2","0","3","0","1","3","0","0","0","17","0","0","6","0","0","0"
"85","EPIDEN",NA,"0","0","0","3","1","5","0","0","5","0","0","0","1","0","3","0","0","1","0","0","0","27","0","0","2","0","0","0"
"86","EPIDEN",NA,"0","0","0","0","0","0","0","0","1","0","0","0","7","0","0","0","0","3","0","0","0","1","0","0","4","0","0","0"
"87","EPIDEN",29,"1","0","0","1","2","8","0","0","11","0","0","0","3","0","3","0","0","0","0","0","0","9","2","0","1","0","0","0"
"88","EPIDEN",NA,"0","0","0","2","1","7","0","0","3","0","0","0","4","0","4","0","0","0","0","0","0","19","3","0","2","0","0","0"
"89","EPIDEN",NA,"0","0","0","0","0","1","0","0","2","0","0","0","7","0","2","0","0","2","0","0","1","1","0","0","6","0","0","0"
"90","EPIDEN",NA,"1","0","0","0","0","5","0","0","1","0","0","0","9","1","0","0","0","1","0","0","2","1","0","0","3","1","0","0"
"91","EPIDEN",NA,"1","0","0","2","0","1","0","0","2","0","0","0","7","0","1","0","0","1","0","0","0","2","0","0","0","0","0","0"
"92","EPIDEN",NA,"1","0","0","2","0","8","0","0","2","0","0","0","6","0","3","0","0","1","0","0","0","2","0","0","0","0","0","0"
"93","EPIDEN",2,"0","0","0","4","0","5","0","0","9","0","0","0","5","0","5","0","0","4","0","0","0","4","0","0","10","0","0","0"
"94","EPIDEN",4,"1","0","0","2","5","5","0","0","4","0","0","0","6","0","4","0","0","2","0","0","0","4","0","0","2","0","0","0"
"95","EPIDEN",NA,"0","0","0","2","2","0","0","0","3","0","0","0","2","0","1","0","0","3","0","0","0","2","0","0","0","0","0","0"
"96","EPIDEN",9,"0","0","0","8","0","3","0","0","6","0","0","0","5","1","1","0","0","0","0","0","0","27","0","1","0","0","0","0"
"97","EPIDEN",5,"0","0","0","0","0","5","0","3","4","0","0","0","5","0","3","0","0","0","0","0","0","17","0","0","0","0","0","0"
"98","EPIDEN",NA,"0","0","0","4","0","2","0","1","16","0","0","0","5","0","2","0","0","0","0","0","0","11","0","0","0","0","0","0"
"99","EPIDEN",NA,"0","0","0","0","0","2","0","3","1","0","1","0","1","0","2","0","0","0","2","0","0","18","0","0","0","0","0","0"
"100","EPIDEN",NA,"1","0","0","0","1","9","0","0","2","0","0","0","6","0","0","0","0","2","0","0","2","8","0","0","7","0","0","0"
"101","EPIDEN",NA,"0","0","0","4","2","6","0","1","3","0","0","0","8","0","4","0","0","3","0","0","2","10","1","0","3","0","0","0"
"102","EPIDEN",NA,"1","1","0","2","1","5","0","0","4","0","0","0","3","0","3","0","0","2","0","0","0","40","0","0","5","0","0","0"
"103","EPIDEN",NA,"0","1","1","2","1","2","0","1","6","0","0","0","4","1","4","0","2","2","0","0","1","14","0","0","9","2","0","0"
"104","EPIDEN",NA,"1","0","0","1","1","10","0","6","9","0","0","0","1","0","3","0","0","0","0","0","4","26","0","0","5","0","0","0"
"105","EPIDEN",NA,"3","0","0","3","1","0","0","0","2","0","0","0","4","0","4","0","0","3","0","0","2","8","1","0","4","1","0","0"
"106","EPIDEN",NA,"2","0","0","7","0","9","0","0","11","0","0","1","3","1","8","0","0","3","0","0","3","8","1","3","5","0","0","0"
"107","EPIDEN",NA,"1","0","0","6","0","1","0","0","3","0","0","0","4","0","2","0","0","0","0","0","0","2","0","0","16","0","0","0"
"108","EPIDEN",NA,"0","1","0","4","1","2","0","1","1","0","0","0","3","0","1","0","0","1","0","0","1","10","0","0","7","0","0","0"
"109","EPIDEN",NA,"0","0","0","3","0","1","2","0","3","0","0","0","2","0","0","0","0","0","0","0","0","0","0","0","3","0","0","0"
"110","EPIDEN",NA,"0","0","0","4","0","0","1","0","1","0","0","0","1","0","0","0","0","0","0","0","0","0","0","0","3","0","0","0"
"111","GILCAP",1,"1","1","0","10","0","3","0","1","8","0","0","0","2","0","6","0","0","1","0","0","6","3","0","0","9","0","0","0"
"112","GILCAP",6,"0","1","0","3","1","7","0","0","0","0","0","0","3","0","6","0","0","4","0","0","0","6","0","0","2","0","0","0"
"113","GILCAP",2,"0","1","0","1","2","0","0","0","0","0","0","0","2","0","4","0","0","4","0","0","3","36","0","0","4","0","0","0"
"114","GILCAP",3,"0","0","0","2","1","4","0","0","2","0","0","0","1","0","4","0","0","4","0","0","1","2","0","0","2","0","0","0"
"115","GILCAP",3,"0","0","0","3","1","2","0","0","8","0","0","0","2","0","2","0","0","1","0","0","0","18","0","0","0","0","0","0"
"116","GILCAP",24,"0","0","0","0","1","4","0","0","7","0","0","0","2","0","5","0","0","0","0","0","0","9","5","0","2","0","0","0"
"117","GILCAP",1,"2","0","0","2","0","9","0","0","3","0","0","1","2","0","4","0","0","1","0","0","0","9","0","0","5","0","0","0"
"118","GILCAP",5,"1","0","0","2","1","10","0","0","6","0","0","0","2","1","4","0","0","3","0","0","1","5","0","0","5","0","0","0"
"119","GILCAP",5,"1","0","0","0","1","6","0","0","0","0","0","0","5","0","2","0","0","2","0","0","0","7","0","0","2","0","0","0"
"120","GILCAP",4,"1","0","0","4","0","4","0","0","4","0","0","0","2","0","4","0","0","0","0","0","1","15","0","0","2","4","0","0"
"121","GILCAP",6,"1","0","0","1","2","2","1","0","2","0","0","0","4","0","1","0","0","1","0","0","0","2","0","0","7","1","0","0"
"122","GILCAP",7,"1","1","0","2","0","1","0","1","1","0","0","0","10","1","3","0","0","2","0","0","0","1","0","0","1","0","0","0"
"123","GILCAP",NA,"0","0","0","4","2","8","0","0","3","0","0","0","3","0","4","0","0","2","0","0","0","2","3","0","0","0","0","0"
"124","GILCAP",10,"0","0","0","1","0","3","0","1","2","0","0","0","9","2","1","0","1","1","0","0","2","11","0","0","2","0","0","0"
"125","GILCAP",2,"0","0","0","4","0","3","0","1","5","0","0","0","8","0","4","0","0","0","0","0","0","10","0","0","0","0","0","0"
"126","GILCAP",15,"0","0","0","2","0","0","0","4","4","0","0","0","5","0","2","0","0","1","0","0","0","14","0","0","0","0","0","0"
"127","GILCAP",21,"0","0","0","0","0","5","0","3","4","0","0","0","5","0","3","0","0","0","0","0","0","17","0","0","0","0","0","0"
"128","GILCAP",3,"1","0","0","3","0","1","0","0","0","0","0","0","8","0","1","0","0","3","0","0","1","4","0","0","12","0","0","0"
"129","GILCAP",2,"1","0","0","2","0","8","0","0","4","0","0","0","7","0","2","0","0","2","0","0","3","23","0","0","8","0","0","0"
"130","GILCAP",4,"1","0","0","3","2","1","0","2","1","1","0","0","8","1","5","0","0","4","0","0","0","17","2","0","6","0","0","0"
"131","GILCAP",4,"2","0","1","1","2","1","0","0","3","0","0","0","3","0","1","0","1","4","0","0","1","12","0","0","6","0","0","0"
"132","GILCAP",10,"0","0","0","1","2","6","0","0","13","0","0","0","3","0","5","0","0","0","0","0","0","34","0","0","4","0","0","0"
"133","GILCAP",1,"1","0","0","13","0","2","0","0","3","0","0","0","7","0","1","0","0","1","0","0","1","4","3","0","8","0","0","0"
"134","GILCAP",1,"0","0","0","5","0","2","1","0","6","0","0","0","7","1","3","0","0","2","0","0","0","4","0","0","5","0","0","0"
"135","GILCAP",1,"1","0","0","6","0","8","1","0","2","1","0","0","2","0","4","1","0","3","0","0","5","13","0","0","10","1","0","0"
"136","GILCAP",2,"2","0","0","6","1","4","0","1","10","3","0","0","4","0","5","0","0","1","0","0","1","33","0","0","12","1","1","0"
"137","GILCAP",1,"0","1","0","3","2","3","1","0","0","1","0","0","4","1","4","0","1","1","1","0","1","4","0","0","15","1","0","0"
"138","GILCAP",2,"1","1","0","6","0","1","0","1","2","0","0","0","1","0","4","0","0","0","0","0","0","2","0","0","6","0","0","0"
"139","GILCAP",15,"1","1","0","3","0","1","0","2","0","0","0","0","3","0","1","0","0","1","0","0","0","0","0","0","15","0","0","0"
"140","GILCAP",6,"0","0","0","5","1","1","0","0","2","4","0","0","2","0","3","0","0","0","0","0","4","4","0","0","4","0","0","0"
"141","GILCAP",11,"0","2","0","10","1","0","0","1","1","0","0","0","5","0","3","0","0","0","0","0","4","9","0","0","0","0","0","0"
"142","NAVSQU",1,"0","0","0","1","0","1","0","0","0","0","0","0","0","0","2","0","0","2","0","0","1","7","0","0","1","0","0","0"
"143","NAVSQU",1,"0","0","0","4","0","0","0","0","1","0","0","0","3","0","1","0","0","2","0","0","0","11","0","0","1","0","0","0"
"144","NAVSQU",10,"1","0","0","2","0","2","0","0","4","0","0","0","2","0","2","0","0","2","0","0","0","5","0","0","0","0","0","0"
"145","NAVSQU",1,"2","0","0","2","2","4","0","0","7","0","0","0","1","0","3","0","0","0","0","0","0","11","1","0","1","0","0","0"
"146","NAVSQU",1,"0","0","0","3","1","2","0","0","4","0","0","0","2","0","3","0","0","0","0","0","0","18","0","0","2","0","0","0"
"147","NAVSQU",8.5,"0","0","0","0","2","0","0","1","1","0","0","0","6","0","1","0","0","1","0","0","2","4","0","0","2","0","0","0"
"148","NAVSQU",4,"1","0","0","1","0","0","0","0","3","0","0","0","4","0","2","0","0","0","0","0","0","11","0","0","0","0","0","0"
"149","NAVSQU",1,"0","0","0","0","2","0","0","0","2","0","0","1","2","0","1","0","0","3","0","0","2","6","0","0","7","4","0","0"
"150","NAVSQU",10.5,"0","0","0","0","0","0","0","0","6","1","0","0","2","1","5","0","1","2","0","0","0","4","0","0","7","2","0","0"
"151","NAVSQU",1,"3","2","0","4","0","2","0","1","8","0","0","0","2","0","5","0","0","2","0","0","1","15","0","0","0","2","0","0"
"152","NAVSQU",13,"1","0","0","1","0","0","1","0","2","1","0","0","4","0","0","0","0","2","0","0","0","1","0","0","2","2","0","0"
"153","NAVSQU",1,"1","0","0","0","5","9","0","0","2","0","0","0","5","1","5","0","0","1","0","0","1","12","0","0","12","0","0","0"
"154","NAVSQU",1,"0","0","0","0","0","5","0","0","0","0","0","1","3","0","1","0","0","1","0","0","1","5","0","0","5","1","0","0"
"155","NAVSQU",1,"1","2","0","0","2","11","0","0","3","0","0","0","3","0","7","0","0","0","0","0","0","1","35","0","2","0","0","0"
"156","NAVSQU",1,"2","0","0","1","4","7","0","0","3","0","0","0","1","0","5","0","0","1","0","0","0","9","2","0","3","0","0","0"
"157","NAVSQU",89,"1","0","0","0","0","1","0","0","0","0","0","0","6","0","0","0","0","2","0","0","0","1","0","0","0","0","0","0"
"158","NAVSQU",1,"1","0","0","1","0","3","0","1","0","0","0","0","5","1","0","0","0","2","0","0","0","1","0","0","3","0","0","0"
"159","NAVSQU",1,"2","0","0","2","0","0","0","0","2","0","0","0","7","0","1","0","0","3","0","0","1","0","0","0","4","0","0","0"
"160","NAVSQU",1,"0","0","0","3","0","10","0","0","1","0","0","1","4","0","5","0","0","2","0","0","0","10","0","0","2","0","0","0"
"161","NAVSQU",18,"0","0","0","2","2","0","0","0","1","0","0","0","4","0","1","0","0","0","0","0","0","2","0","0","0","2","0","0"
"162","NAVSQU",1,"0","1","0","2","0","0","0","0","0","1","0","0","9","0","1","0","0","0","0","0","0","7","0","0","0","1","0","0"
"163","NAVSQU",3,"2","0","0","1","0","1","0","2","3","0","0","0","5","0","0","0","0","1","0","0","0","27","0","0","12","0","0","0"
"164","NAVSQU",16,"1","1","0","11","1","3","0","3","7","0","0","0","2","0","5","0","0","0","0","0","0","16","0","0","1","0","0","0"
"165","NAVSQU",2,"0","0","0","1","0","1","0","0","14","0","0","0","5","0","0","0","0","0","0","0","0","5","0","0","3","0","0","0"
"166","NAVSQU",1,"0","0","0","0","0","6","0","0","1","0","0","0","6","0","2","0","0","3","0","0","2","3","0","0","0","0","0","0"
"167","NAVSQU",6.5,"1","0","0","6","1","11","0","0","8","0","0","0","5","1","3","0","0","0","0","0","4","19","0","0","10","0","0","0"
"168","NAVSQU",27,"0","0","0","2","3","8","0","0","5","0","0","0","1","0","5","0","0","0","0","0","0","53","0","0","3","2","0","0"
"169","NAVSQU",1,"2","0","0","2","3","6","0","6","9","0","0","0","1","0","2","0","0","2","0","0","0","15","0","0","5","0","0","0"
"170","NAVSQU",1,"2","0","0","1","1","0","0","0","1","0","0","0","5","0","1","0","1","2","0","0","3","3","0","0","4","1","0","0"
"171","NAVSQU",1,"1","0","0","2","0","1","0","0","0","0","0","0","7","0","1","0","0","5","0","0","3","5","0","0","12","1","0","0"
"172","NAVSQU",1,"1","1","0","2","2","6","0","0","3","0","0","0","2","0","4","0","0","1","0","0","0","5","2","0","6","1","0","0"
"173","NAVSQU",6,"0","3","0","6","0","6","0","1","5","1","0","0","5","0","3","0","0","4","0","0","6","5","0","0","8","0","0","0"
"174","NAVSQU",1,"1","1","0","1","0","1","0","0","2","1","0","0","5","0","0","0","0","2","0","0","1","6","1","0","18","0","0","0"
"175","NAVSQU",3,"0","1","0","3","0","2","0","0","1","0","0","0","1","0","1","0","0","1","0","0","0","7","0","0","3","0","0","0"
"176","NAVSQU",1,"0","0","0","4","0","0","0","0","0","1","0","1","2","0","0","0","0","0","0","0","1","7","0","0","7","0","0","0"
"177","NAVSQU",1,"0","1","0","7","0","1","0","0","6","0","0","0","2","0","3","0","0","1","0","0","2","16","0","0","7","0","0","0"
"178","PLAFIG",32,"0","0","0","4","0","0","0","0","4","0","0","0","2","0","5","0","0","4","0","0","3","18","2","0","2","0","0","0"
"179","PLAFIG",26,"0","0","0","3","0","1","0","0","0","0","0","0","2","0","2","0","0","2","0","0","0","2","1","0","0","0","0","0"
"180","PLAFIG",25,"0","0","0","3","2","0","0","2","3","0","0","0","2","0","5","0","0","0","0","0","0","25","3","1","0","0","0","0"
"181","PLAFIG",12,"1","0","0","3","0","0","0","0","2","0","0","0","2","0","4","1","0","0","0","0","0","20","1","0","0","0","0","0"
"182","PLAFIG",28,"2","0","0","2","1","1","0","0","9","0","0","0","1","0","6","0","0","2","0","0","0","25","2","0","0","0","0","0"
"183","PLAFIG",38,"0","0","0","0","1","4","0","0","7","0","0","0","2","0","5","0","0","0","0","0","0","9","5","0","2","0","0","0"
"184","PLAFIG",39,"0","0","0","1","4","3","0","0","3","0","0","0","1","0","4","0","0","1","0","0","0","9","1","0","2","3","0","0"
"185","PLAFIG",4,"0","0","0","5","4","7","0","0","9","0","0","0","4","0","5","0","0","0","0","0","0","14","3","1","0","0","0","0"
"186","PLAFIG",2,"1","0","0","1","5","2","0","0","8","0","0","0","2","1","5","0","0","7","0","0","0","7","3","1","21","1","0","0"
"187","PLAFIG",3,"0","1","0","2","0","9","0","0","2","0","1","0","4","1","1","0","0","3","0","0","0","16","1","0","4","1","0","0"
"188","PLAFIG",5,"0","0","0","4","2","6","0","1","3","0","0","0","8","0","4","0","0","3","0","0","2","10","1","0","3","0","0","0"
"189","PLAFIG",4,"2","0","0","10","2","3","0","0","7","0","0","0","3","0","2","2","0","2","0","0","0","13","2","0","3","0","0","0"
"190","PLAFIG",20,"2","0","0","8","1","10","0","0","6","0","0","0","5","1","3","0","0","3","0","0","5","13","5","0","3","0","0","0"
"191","PLAFIG",4,"2","0","0","8","1","10","0","0","6","0","0","0","5","1","3","0","0","3","0","0","5","13","5","0","3","0","0","0"
"192","PLAFIG",6,"1","0","0","5","1","4","0","1","9","0","0","1","2","0","2","0","0","1","0","0","2","9","2","0","5","0","0","0"
"193","PLECON",3,"1","0","0","1","3","6","0","0","8","0","0","0","1","0","0","0","3","0","0","0","2","8","1","1","2","0","0","0"
"194","PLECON",5,"0","0","0","3","2","0","0","2","3","0","0","0","2","0","5","0","0","0","0","0","0","25","3","1","0","0","0","0"
"195","PLECON",3,"0","0","0","7","1","2","0","0","9","0","0","0","2","0","4","0","0","0","0","0","1","34","4","1","4","0","0","0"
"196","PLECON",0,"0","0","0","0","3","5","0","0","2","1","0","0","2","1","3","0","0","1","0","0","0","11","1","0","2","0","0","0"
"197","PLECON",NA,"0","0","0","3","1","2","0","0","8","0","0","0","2","0","2","0","0","1","0","0","0","18","0","0","0","0","0","0"
"198","PLECON",2,"0","0","0","5","4","7","0","0","9","0","0","0","4","0","5","0","0","0","0","0","0","14","3","1","0","0","0","0"
"199","PLECON",0,"0","0","0","8","0","3","0","0","6","0","0","0","5","1","1","0","0","0","0","0","0","27","0","1","0","0","0","0"
